Summary,Issue key,Issue id,Issue Type,Status,Project key,Project name,Project type,Project lead,Project lead id,Project description,Priority,Resolution,Assignee,Assignee Id,Reporter,Reporter Id,Creator,Creator Id,Created,Updated,Last Viewed,Resolved,Due date,Votes,Description,Environment,Watchers,Watchers Id,Original estimate,Remaining Estimate,Time Spent,Work Ratio,Σ Original Estimate,Σ Remaining Estimate,Σ Time Spent,Security Level,Custom field (Development),Custom field (Goals),Custom field (Issue color),Custom field (Rank),Sprint,Custom field (Start date),Custom field (Story point estimate),Custom field (Team),Custom field (Vulnerability),Parent,Parent key,Parent summary,Status Category,Status Category Changed
Handle empty state,LMS-88,10226,Subtask,To Do,LMS,LMS,software,Ankush Kumar,712020:eebd227b-da3f-437c-8ebc-68f5ce698650,,Medium,,,,Ankush Kumar,712020:eebd227b-da3f-437c-8ebc-68f5ce698650,Ankush Kumar,712020:eebd227b-da3f-437c-8ebc-68f5ce698650,02/Apr/26 10:25 AM,02/Apr/26 10:25 AM,,,,0,Subtask under View Reviews,,Ankush Kumar,712020:eebd227b-da3f-437c-8ebc-68f5ce698650,,,,,,,,,,,,0|i000lz:,LMS Sprint 1,,,,,10220,LMS-85,View Reviews,To Do,02/Apr/26 10:25 AM
Display reviews,LMS-87,10224,Subtask,To Do,LMS,LMS,software,Ankush Kumar,712020:eebd227b-da3f-437c-8ebc-68f5ce698650,,Medium,,,,Ankush Kumar,712020:eebd227b-da3f-437c-8ebc-68f5ce698650,Ankush Kumar,712020:eebd227b-da3f-437c-8ebc-68f5ce698650,02/Apr/26 10:25 AM,02/Apr/26 10:25 AM,,,,0,Subtask under View Reviews,,Ankush Kumar,712020:eebd227b-da3f-437c-8ebc-68f5ce698650,,,,,,,,,,,,0|i000lr:,LMS Sprint 1,,,,,10220,LMS-85,View Reviews,To Do,02/Apr/26 10:25 AM
Fetch reviews,LMS-86,10222,Subtask,To Do,LMS,LMS,software,Ankush Kumar,712020:eebd227b-da3f-437c-8ebc-68f5ce698650,,Medium,,,,Ankush Kumar,712020:eebd227b-da3f-437c-8ebc-68f5ce698650,Ankush Kumar,712020:eebd227b-da3f-437c-8ebc-68f5ce698650,02/Apr/26 10:24 AM,02/Apr/26 10:25 AM,,,,0,Subtask under View Reviews,,Ankush Kumar,712020:eebd227b-da3f-437c-8ebc-68f5ce698650,,,,,,,,,,,,0|i000lj:,LMS Sprint 1,,,,,10220,LMS-85,View Reviews,To Do,02/Apr/26 10:25 AM
View Reviews,LMS-85,10220,Task,To Do,LMS,LMS,software,Ankush Kumar,712020:eebd227b-da3f-437c-8ebc-68f5ce698650,,Medium,,,,Ankush Kumar,712020:eebd227b-da3f-437c-8ebc-68f5ce698650,Ankush Kumar,712020:eebd227b-da3f-437c-8ebc-68f5ce698650,02/Apr/26 10:24 AM,02/Apr/26 2:26 PM,,,,0,Task under Reviews & Ratings,,Ankush Kumar,712020:eebd227b-da3f-437c-8ebc-68f5ce698650,,,,,,,,,,,,0|i000lb:,LMS Sprint 1,,,,,10210,LMS-80,Reviews & Ratings,To Do,02/Apr/26 10:24 AM
Submit API,LMS-84,10218,Subtask,To Do,LMS,LMS,software,Ankush Kumar,712020:eebd227b-da3f-437c-8ebc-68f5ce698650,,Medium,,,,Ankush Kumar,712020:eebd227b-da3f-437c-8ebc-68f5ce698650,Ankush Kumar,712020:eebd227b-da3f-437c-8ebc-68f5ce698650,02/Apr/26 10:24 AM,02/Apr/26 10:24 AM,,,,0,Subtask under Add Review,,Ankush Kumar,712020:eebd227b-da3f-437c-8ebc-68f5ce698650,,,,,,,,,,,,0|i000l3:,LMS Sprint 1,,,,,10212,LMS-81,Add Review,To Do,02/Apr/26 10:24 AM
Comment field,LMS-83,10216,Subtask,To Do,LMS,LMS,software,Ankush Kumar,712020:eebd227b-da3f-437c-8ebc-68f5ce698650,,Medium,,,,Ankush Kumar,712020:eebd227b-da3f-437c-8ebc-68f5ce698650,Ankush Kumar,712020:eebd227b-da3f-437c-8ebc-68f5ce698650,02/Apr/26 10:24 AM,02/Apr/26 10:24 AM,,,,0,Subtask under Add Review,,Ankush Kumar,712020:eebd227b-da3f-437c-8ebc-68f5ce698650,,,,,,,,,,,,0|i000kv:,LMS Sprint 1,,,,,10212,LMS-81,Add Review,To Do,02/Apr/26 10:24 AM
Rating input,LMS-82,10214,Subtask,To Do,LMS,LMS,software,Ankush Kumar,712020:eebd227b-da3f-437c-8ebc-68f5ce698650,,Medium,,,,Ankush Kumar,712020:eebd227b-da3f-437c-8ebc-68f5ce698650,Ankush Kumar,712020:eebd227b-da3f-437c-8ebc-68f5ce698650,02/Apr/26 10:24 AM,02/Apr/26 10:24 AM,,,,0,Subtask under Add Review,,Ankush Kumar,712020:eebd227b-da3f-437c-8ebc-68f5ce698650,,,,,,,,,,,,0|i000kn:,LMS Sprint 1,,,,,10212,LMS-81,Add Review,To Do,02/Apr/26 10:24 AM
Add Review,LMS-81,10212,Task,To Do,LMS,LMS,software,Ankush Kumar,712020:eebd227b-da3f-437c-8ebc-68f5ce698650,,Medium,,,,Ankush Kumar,712020:eebd227b-da3f-437c-8ebc-68f5ce698650,Ankush Kumar,712020:eebd227b-da3f-437c-8ebc-68f5ce698650,02/Apr/26 10:24 AM,02/Apr/26 2:26 PM,,,,0,Task under Reviews & Ratings,,Ankush Kumar,712020:eebd227b-da3f-437c-8ebc-68f5ce698650,,,,,,,,,,,,0|i000kf:,LMS Sprint 1,,,,,10210,LMS-80,Reviews & Ratings,To Do,02/Apr/26 10:24 AM
Reviews & Ratings,LMS-80,10210,Epic,To Do,LMS,LMS,software,Ankush Kumar,712020:eebd227b-da3f-437c-8ebc-68f5ce698650,,Medium,,,,Ankush Kumar,712020:eebd227b-da3f-437c-8ebc-68f5ce698650,Ankush Kumar,712020:eebd227b-da3f-437c-8ebc-68f5ce698650,02/Apr/26 10:24 AM,02/Apr/26 10:24 AM,,,,0,User feedback system,,Ankush Kumar,712020:eebd227b-da3f-437c-8ebc-68f5ce698650,,,,,,,,,,,,0|i000k7:,,,,,,,,,To Do,02/Apr/26 10:24 AM
Save progress,LMS-79,10209,Subtask,To Do,LMS,LMS,software,Ankush Kumar,712020:eebd227b-da3f-437c-8ebc-68f5ce698650,,Medium,,,,Ankush Kumar,712020:eebd227b-da3f-437c-8ebc-68f5ce698650,Ankush Kumar,712020:eebd227b-da3f-437c-8ebc-68f5ce698650,02/Apr/26 10:24 AM,02/Apr/26 10:24 AM,,,,0,Subtask under Progress Saving,,Ankush Kumar,712020:eebd227b-da3f-437c-8ebc-68f5ce698650,,,,,,,,,,,,0|i000jz:,LMS Sprint 1,,,,,10205,LMS-77,Progress Saving,To Do,02/Apr/26 10:24 AM
Track watch time,LMS-78,10207,Subtask,To Do,LMS,LMS,software,Ankush Kumar,712020:eebd227b-da3f-437c-8ebc-68f5ce698650,,Medium,,,,Ankush Kumar,712020:eebd227b-da3f-437c-8ebc-68f5ce698650,Ankush Kumar,712020:eebd227b-da3f-437c-8ebc-68f5ce698650,02/Apr/26 10:24 AM,02/Apr/26 10:24 AM,,,,0,Subtask under Progress Saving,,Ankush Kumar,712020:eebd227b-da3f-437c-8ebc-68f5ce698650,,,,,,,,,,,,0|i000jr:,LMS Sprint 1,,,,,10205,LMS-77,Progress Saving,To Do,02/Apr/26 10:24 AM
Progress Saving,LMS-77,10205,Task,To Do,LMS,LMS,software,Ankush Kumar,712020:eebd227b-da3f-437c-8ebc-68f5ce698650,,Medium,,,,Ankush Kumar,712020:eebd227b-da3f-437c-8ebc-68f5ce698650,Ankush Kumar,712020:eebd227b-da3f-437c-8ebc-68f5ce698650,02/Apr/26 10:24 AM,02/Apr/26 2:26 PM,,,,0,Task under Video Player,,Ankush Kumar,712020:eebd227b-da3f-437c-8ebc-68f5ce698650,,,,,,,,,,,,0|i000jj:,LMS Sprint 1,,,,,10197,LMS-73,Video Player,To Do,02/Apr/26 10:24 AM
Seek forward/backward,LMS-76,10203,Subtask,To Do,LMS,LMS,software,Ankush Kumar,712020:eebd227b-da3f-437c-8ebc-68f5ce698650,,Medium,,,,Ankush Kumar,712020:eebd227b-da3f-437c-8ebc-68f5ce698650,Ankush Kumar,712020:eebd227b-da3f-437c-8ebc-68f5ce698650,02/Apr/26 10:24 AM,02/Apr/26 10:24 AM,,,,0,Subtask under Player Controls,,Ankush Kumar,712020:eebd227b-da3f-437c-8ebc-68f5ce698650,,,,,,,,,,,,0|i000jb:,LMS Sprint 1,,,,,10199,LMS-74,Player Controls,To Do,02/Apr/26 10:24 AM
Play/pause,LMS-75,10201,Subtask,To Do,LMS,LMS,software,Ankush Kumar,712020:eebd227b-da3f-437c-8ebc-68f5ce698650,,Medium,,,,Ankush Kumar,712020:eebd227b-da3f-437c-8ebc-68f5ce698650,Ankush Kumar,712020:eebd227b-da3f-437c-8ebc-68f5ce698650,02/Apr/26 10:24 AM,02/Apr/26 10:24 AM,,,,0,Subtask under Player Controls,,Ankush Kumar,712020:eebd227b-da3f-437c-8ebc-68f5ce698650,,,,,,,,,,,,0|i000j3:,LMS Sprint 1,,,,,10199,LMS-74,Player Controls,To Do,02/Apr/26 10:24 AM
Player Controls,LMS-74,10199,Task,To Do,LMS,LMS,software,Ankush Kumar,712020:eebd227b-da3f-437c-8ebc-68f5ce698650,,Medium,,,,Ankush Kumar,712020:eebd227b-da3f-437c-8ebc-68f5ce698650,Ankush Kumar,712020:eebd227b-da3f-437c-8ebc-68f5ce698650,02/Apr/26 10:24 AM,02/Apr/26 2:26 PM,,,,0,Task under Video Player,,Ankush Kumar,712020:eebd227b-da3f-437c-8ebc-68f5ce698650,,,,,,,,,,,,0|i000iv:,LMS Sprint 1,,,,,10197,LMS-73,Video Player,To Do,02/Apr/26 10:24 AM
Video Player,LMS-73,10197,Epic,To Do,LMS,LMS,software,Ankush Kumar,712020:eebd227b-da3f-437c-8ebc-68f5ce698650,,Medium,,,,Ankush Kumar,712020:eebd227b-da3f-437c-8ebc-68f5ce698650,Ankush Kumar,712020:eebd227b-da3f-437c-8ebc-68f5ce698650,02/Apr/26 10:24 AM,02/Apr/26 10:24 AM,,,,0,Lecture playback system,,Ankush Kumar,712020:eebd227b-da3f-437c-8ebc-68f5ce698650,,,,,,,,,,,,0|i000in:,,,,,,,,,To Do,02/Apr/26 10:24 AM
Display progress bar,LMS-72,10196,Subtask,To Do,LMS,LMS,software,Ankush Kumar,712020:eebd227b-da3f-437c-8ebc-68f5ce698650,,Medium,,,,Ankush Kumar,712020:eebd227b-da3f-437c-8ebc-68f5ce698650,Ankush Kumar,712020:eebd227b-da3f-437c-8ebc-68f5ce698650,02/Apr/26 10:24 AM,02/Apr/26 10:24 AM,,,,0,Subtask under Progress Tracking,,Ankush Kumar,712020:eebd227b-da3f-437c-8ebc-68f5ce698650,,,,,,,,,,,,0|i000if:,LMS Sprint 1,,,,,10192,LMS-70,Progress Tracking,To Do,02/Apr/26 10:24 AM
Calculate progress,LMS-71,10194,Subtask,To Do,LMS,LMS,software,Ankush Kumar,712020:eebd227b-da3f-437c-8ebc-68f5ce698650,,Medium,,,,Ankush Kumar,712020:eebd227b-da3f-437c-8ebc-68f5ce698650,Ankush Kumar,712020:eebd227b-da3f-437c-8ebc-68f5ce698650,02/Apr/26 10:24 AM,02/Apr/26 10:24 AM,,,,0,Subtask under Progress Tracking,,Ankush Kumar,712020:eebd227b-da3f-437c-8ebc-68f5ce698650,,,,,,,,,,,,0|i000i7:,LMS Sprint 1,,,,,10192,LMS-70,Progress Tracking,To Do,02/Apr/26 10:24 AM
Progress Tracking,LMS-70,10192,Task,To Do,LMS,LMS,software,Ankush Kumar,712020:eebd227b-da3f-437c-8ebc-68f5ce698650,,Medium,,,,Ankush Kumar,712020:eebd227b-da3f-437c-8ebc-68f5ce698650,Ankush Kumar,712020:eebd227b-da3f-437c-8ebc-68f5ce698650,02/Apr/26 10:24 AM,02/Apr/26 2:26 PM,02/Apr/26 10:29 AM,,,0,Task under My Courses,,Ankush Kumar,712020:eebd227b-da3f-437c-8ebc-68f5ce698650,,,,,,,,,,,,0|i000hz:,LMS Sprint 1,,,,,10184,LMS-66,My Courses,To Do,02/Apr/26 10:24 AM
Show thumbnails,LMS-69,10190,Subtask,To Do,LMS,LMS,software,Ankush Kumar,712020:eebd227b-da3f-437c-8ebc-68f5ce698650,,Medium,,,,Ankush Kumar,712020:eebd227b-da3f-437c-8ebc-68f5ce698650,Ankush Kumar,712020:eebd227b-da3f-437c-8ebc-68f5ce698650,02/Apr/26 10:24 AM,02/Apr/26 10:24 AM,,,,0,Subtask under Courses List,,Ankush Kumar,712020:eebd227b-da3f-437c-8ebc-68f5ce698650,,,,,,,,,,,,0|i000hr:,LMS Sprint 1,,,,,10186,LMS-67,Courses List,To Do,02/Apr/26 10:24 AM
Display enrolled courses,LMS-68,10188,Subtask,To Do,LMS,LMS,software,Ankush Kumar,712020:eebd227b-da3f-437c-8ebc-68f5ce698650,,Medium,,,,Ankush Kumar,712020:eebd227b-da3f-437c-8ebc-68f5ce698650,Ankush Kumar,712020:eebd227b-da3f-437c-8ebc-68f5ce698650,02/Apr/26 10:24 AM,02/Apr/26 10:24 AM,,,,0,Subtask under Courses List,,Ankush Kumar,712020:eebd227b-da3f-437c-8ebc-68f5ce698650,,,,,,,,,,,,0|i000hj:,LMS Sprint 1,,,,,10186,LMS-67,Courses List,To Do,02/Apr/26 10:24 AM
Courses List,LMS-67,10186,Task,To Do,LMS,LMS,software,Ankush Kumar,712020:eebd227b-da3f-437c-8ebc-68f5ce698650,,Medium,,,,Ankush Kumar,712020:eebd227b-da3f-437c-8ebc-68f5ce698650,Ankush Kumar,712020:eebd227b-da3f-437c-8ebc-68f5ce698650,02/Apr/26 10:24 AM,02/Apr/26 2:26 PM,,,,0,Task under My Courses,,Ankush Kumar,712020:eebd227b-da3f-437c-8ebc-68f5ce698650,,,,,,,,,,,,0|i000hb:,LMS Sprint 1,,,,,10184,LMS-66,My Courses,To Do,02/Apr/26 10:24 AM
My Courses,LMS-66,10184,Epic,To Do,LMS,LMS,software,Ankush Kumar,712020:eebd227b-da3f-437c-8ebc-68f5ce698650,,Medium,,,,Ankush Kumar,712020:eebd227b-da3f-437c-8ebc-68f5ce698650,Ankush Kumar,712020:eebd227b-da3f-437c-8ebc-68f5ce698650,02/Apr/26 10:24 AM,02/Apr/26 10:24 AM,,,,0,User enrolled courses,,Ankush Kumar,712020:eebd227b-da3f-437c-8ebc-68f5ce698650,,,,,,,,,,,,0|i000h3:,,,,,,,,,To Do,02/Apr/26 10:24 AM
Play/pause controls,LMS-65,10183,Subtask,To Do,LMS,LMS,software,Ankush Kumar,712020:eebd227b-da3f-437c-8ebc-68f5ce698650,,Medium,,,,Ankush Kumar,712020:eebd227b-da3f-437c-8ebc-68f5ce698650,Ankush Kumar,712020:eebd227b-da3f-437c-8ebc-68f5ce698650,02/Apr/26 10:24 AM,02/Apr/26 10:24 AM,,,,0,Subtask under Video Preview,,Ankush Kumar,712020:eebd227b-da3f-437c-8ebc-68f5ce698650,,,,,,,,,,,,0|i000gv:,LMS Sprint 1,,,,,10179,LMS-63,Video Preview,To Do,02/Apr/26 10:24 AM
Integrate player,LMS-64,10181,Subtask,To Do,LMS,LMS,software,Ankush Kumar,712020:eebd227b-da3f-437c-8ebc-68f5ce698650,,Medium,,,,Ankush Kumar,712020:eebd227b-da3f-437c-8ebc-68f5ce698650,Ankush Kumar,712020:eebd227b-da3f-437c-8ebc-68f5ce698650,02/Apr/26 10:24 AM,02/Apr/26 10:24 AM,,,,0,Subtask under Video Preview,,Ankush Kumar,712020:eebd227b-da3f-437c-8ebc-68f5ce698650,,,,,,,,,,,,0|i000gn:,LMS Sprint 1,,,,,10179,LMS-63,Video Preview,To Do,02/Apr/26 10:24 AM
Video Preview,LMS-63,10179,Task,To Do,LMS,LMS,software,Ankush Kumar,712020:eebd227b-da3f-437c-8ebc-68f5ce698650,,Medium,,,,Ankush Kumar,712020:eebd227b-da3f-437c-8ebc-68f5ce698650,Ankush Kumar,712020:eebd227b-da3f-437c-8ebc-68f5ce698650,02/Apr/26 10:24 AM,02/Apr/26 2:26 PM,,,,0,Task under Course Detail Page,,Ankush Kumar,712020:eebd227b-da3f-437c-8ebc-68f5ce698650,,,,,,,,,,,,0|i000gf:,LMS Sprint 1,,,,,10167,LMS-57,Course Detail Page,To Do,02/Apr/26 10:24 AM
Lecture count,LMS-62,10177,Subtask,To Do,LMS,LMS,software,Ankush Kumar,712020:eebd227b-da3f-437c-8ebc-68f5ce698650,,Medium,,,,Ankush Kumar,712020:eebd227b-da3f-437c-8ebc-68f5ce698650,Ankush Kumar,712020:eebd227b-da3f-437c-8ebc-68f5ce698650,02/Apr/26 10:24 AM,02/Apr/26 10:24 AM,,,,0,Subtask under Course Info UI,,Ankush Kumar,712020:eebd227b-da3f-437c-8ebc-68f5ce698650,,,,,,,,,,,,0|i000g7:,LMS Sprint 1,,,,,10169,LMS-58,Course Info UI,To Do,02/Apr/26 10:24 AM
Duration,LMS-61,10175,Subtask,To Do,LMS,LMS,software,Ankush Kumar,712020:eebd227b-da3f-437c-8ebc-68f5ce698650,,Medium,,,,Ankush Kumar,712020:eebd227b-da3f-437c-8ebc-68f5ce698650,Ankush Kumar,712020:eebd227b-da3f-437c-8ebc-68f5ce698650,02/Apr/26 10:24 AM,02/Apr/26 10:24 AM,,,,0,Subtask under Course Info UI,,Ankush Kumar,712020:eebd227b-da3f-437c-8ebc-68f5ce698650,,,,,,,,,,,,0|i000fz:,LMS Sprint 1,,,,,10169,LMS-58,Course Info UI,To Do,02/Apr/26 10:24 AM
Description,LMS-60,10173,Subtask,To Do,LMS,LMS,software,Ankush Kumar,712020:eebd227b-da3f-437c-8ebc-68f5ce698650,,Medium,,,,Ankush Kumar,712020:eebd227b-da3f-437c-8ebc-68f5ce698650,Ankush Kumar,712020:eebd227b-da3f-437c-8ebc-68f5ce698650,02/Apr/26 10:24 AM,02/Apr/26 10:24 AM,,,,0,Subtask under Course Info UI,,Ankush Kumar,712020:eebd227b-da3f-437c-8ebc-68f5ce698650,,,,,,,,,,,,0|i000fr:,LMS Sprint 1,,,,,10169,LMS-58,Course Info UI,To Do,02/Apr/26 10:24 AM
Display title,LMS-59,10171,Subtask,To Do,LMS,LMS,software,Ankush Kumar,712020:eebd227b-da3f-437c-8ebc-68f5ce698650,,Medium,,,,Ankush Kumar,712020:eebd227b-da3f-437c-8ebc-68f5ce698650,Ankush Kumar,712020:eebd227b-da3f-437c-8ebc-68f5ce698650,02/Apr/26 10:24 AM,02/Apr/26 10:24 AM,,,,0,Subtask under Course Info UI,,Ankush Kumar,712020:eebd227b-da3f-437c-8ebc-68f5ce698650,,,,,,,,,,,,0|i000fj:,LMS Sprint 1,,,,,10169,LMS-58,Course Info UI,To Do,02/Apr/26 10:24 AM
Course Info UI,LMS-58,10169,Task,To Do,LMS,LMS,software,Ankush Kumar,712020:eebd227b-da3f-437c-8ebc-68f5ce698650,,Medium,,,,Ankush Kumar,712020:eebd227b-da3f-437c-8ebc-68f5ce698650,Ankush Kumar,712020:eebd227b-da3f-437c-8ebc-68f5ce698650,02/Apr/26 10:24 AM,02/Apr/26 2:26 PM,,,,0,Task under Course Detail Page,,Ankush Kumar,712020:eebd227b-da3f-437c-8ebc-68f5ce698650,,,,,,,,,,,,0|i000fb:,LMS Sprint 1,,,,,10167,LMS-57,Course Detail Page,To Do,02/Apr/26 10:24 AM
Course Detail Page,LMS-57,10167,Epic,To Do,LMS,LMS,software,Ankush Kumar,712020:eebd227b-da3f-437c-8ebc-68f5ce698650,,Medium,,,,Ankush Kumar,712020:eebd227b-da3f-437c-8ebc-68f5ce698650,Ankush Kumar,712020:eebd227b-da3f-437c-8ebc-68f5ce698650,02/Apr/26 10:24 AM,02/Apr/26 10:24 AM,,,,0,Detailed course view,,Ankush Kumar,712020:eebd227b-da3f-437c-8ebc-68f5ce698650,,,,,,,,,,,,0|i000f3:,,,,,,,,,To Do,02/Apr/26 10:24 AM
Add to dashboard,LMS-56,10166,Subtask,To Do,LMS,LMS,software,Ankush Kumar,712020:eebd227b-da3f-437c-8ebc-68f5ce698650,,Medium,,,,Ankush Kumar,712020:eebd227b-da3f-437c-8ebc-68f5ce698650,Ankush Kumar,712020:eebd227b-da3f-437c-8ebc-68f5ce698650,02/Apr/26 10:24 AM,02/Apr/26 10:24 AM,,,,0,Subtask under Enrollment,,Ankush Kumar,712020:eebd227b-da3f-437c-8ebc-68f5ce698650,,,,,,,,,,,,0|i000ev:,LMS Sprint 1,,,,,10158,LMS-52,Enrollment,To Do,02/Apr/26 10:24 AM
Success message,LMS-55,10164,Subtask,To Do,LMS,LMS,software,Ankush Kumar,712020:eebd227b-da3f-437c-8ebc-68f5ce698650,,Medium,,,,Ankush Kumar,712020:eebd227b-da3f-437c-8ebc-68f5ce698650,Ankush Kumar,712020:eebd227b-da3f-437c-8ebc-68f5ce698650,02/Apr/26 10:24 AM,02/Apr/26 10:24 AM,,,,0,Subtask under Enrollment,,Ankush Kumar,712020:eebd227b-da3f-437c-8ebc-68f5ce698650,,,,,,,,,,,,0|i000en:,LMS Sprint 1,,,,,10158,LMS-52,Enrollment,To Do,02/Apr/26 10:24 AM
Enroll API,LMS-54,10162,Subtask,To Do,LMS,LMS,software,Ankush Kumar,712020:eebd227b-da3f-437c-8ebc-68f5ce698650,,Medium,,,,Ankush Kumar,712020:eebd227b-da3f-437c-8ebc-68f5ce698650,Ankush Kumar,712020:eebd227b-da3f-437c-8ebc-68f5ce698650,02/Apr/26 10:24 AM,02/Apr/26 10:24 AM,,,,0,Subtask under Enrollment,,Ankush Kumar,712020:eebd227b-da3f-437c-8ebc-68f5ce698650,,,,,,,,,,,,0|i000ef:,LMS Sprint 1,,,,,10158,LMS-52,Enrollment,To Do,02/Apr/26 10:24 AM
Enroll button,LMS-53,10160,Subtask,To Do,LMS,LMS,software,Ankush Kumar,712020:eebd227b-da3f-437c-8ebc-68f5ce698650,,Medium,,,,Ankush Kumar,712020:eebd227b-da3f-437c-8ebc-68f5ce698650,Ankush Kumar,712020:eebd227b-da3f-437c-8ebc-68f5ce698650,02/Apr/26 10:24 AM,02/Apr/26 10:24 AM,,,,0,Subtask under Enrollment,,Ankush Kumar,712020:eebd227b-da3f-437c-8ebc-68f5ce698650,,,,,,,,,,,,0|i000e7:,LMS Sprint 1,,,,,10158,LMS-52,Enrollment,To Do,02/Apr/26 10:24 AM
Enrollment,LMS-52,10158,Task,To Do,LMS,LMS,software,Ankush Kumar,712020:eebd227b-da3f-437c-8ebc-68f5ce698650,,Medium,,,,Ankush Kumar,712020:eebd227b-da3f-437c-8ebc-68f5ce698650,Ankush Kumar,712020:eebd227b-da3f-437c-8ebc-68f5ce698650,02/Apr/26 10:24 AM,02/Apr/26 2:26 PM,,,,0,Task under Course Listing,,Ankush Kumar,712020:eebd227b-da3f-437c-8ebc-68f5ce698650,,,,,,,,,,,,0|i000dz:,LMS Sprint 1,,,,,10146,LMS-46,Course Listing,To Do,02/Apr/26 10:24 AM
Ratings display,LMS-51,10156,Subtask,To Do,LMS,LMS,software,Ankush Kumar,712020:eebd227b-da3f-437c-8ebc-68f5ce698650,,Medium,,,,Ankush Kumar,712020:eebd227b-da3f-437c-8ebc-68f5ce698650,Ankush Kumar,712020:eebd227b-da3f-437c-8ebc-68f5ce698650,02/Apr/26 10:24 AM,02/Apr/26 10:24 AM,,,,0,Subtask under Course Card UI,,Ankush Kumar,712020:eebd227b-da3f-437c-8ebc-68f5ce698650,,,,,,,,,,,,0|i000dr:,LMS Sprint 1,,,,,10148,LMS-47,Course Card UI,To Do,02/Apr/26 10:24 AM
Instructor name,LMS-50,10154,Subtask,To Do,LMS,LMS,software,Ankush Kumar,712020:eebd227b-da3f-437c-8ebc-68f5ce698650,,Medium,,,,Ankush Kumar,712020:eebd227b-da3f-437c-8ebc-68f5ce698650,Ankush Kumar,712020:eebd227b-da3f-437c-8ebc-68f5ce698650,02/Apr/26 10:24 AM,02/Apr/26 10:24 AM,,,,0,Subtask under Course Card UI,,Ankush Kumar,712020:eebd227b-da3f-437c-8ebc-68f5ce698650,,,,,,,,,,,,0|i000dj:,LMS Sprint 1,,,,,10148,LMS-47,Course Card UI,To Do,02/Apr/26 10:24 AM
Course title,LMS-49,10152,Subtask,To Do,LMS,LMS,software,Ankush Kumar,712020:eebd227b-da3f-437c-8ebc-68f5ce698650,,Medium,,,,Ankush Kumar,712020:eebd227b-da3f-437c-8ebc-68f5ce698650,Ankush Kumar,712020:eebd227b-da3f-437c-8ebc-68f5ce698650,02/Apr/26 10:24 AM,02/Apr/26 10:24 AM,,,,0,Subtask under Course Card UI,,Ankush Kumar,712020:eebd227b-da3f-437c-8ebc-68f5ce698650,,,,,,,,,,,,0|i000db:,LMS Sprint 1,,,,,10148,LMS-47,Course Card UI,To Do,02/Apr/26 10:24 AM
Thumbnail display,LMS-48,10150,Subtask,To Do,LMS,LMS,software,Ankush Kumar,712020:eebd227b-da3f-437c-8ebc-68f5ce698650,,Medium,,,,Ankush Kumar,712020:eebd227b-da3f-437c-8ebc-68f5ce698650,Ankush Kumar,712020:eebd227b-da3f-437c-8ebc-68f5ce698650,02/Apr/26 10:24 AM,02/Apr/26 10:24 AM,,,,0,Subtask under Course Card UI,,Ankush Kumar,712020:eebd227b-da3f-437c-8ebc-68f5ce698650,,,,,,,,,,,,0|i000d3:,LMS Sprint 1,,,,,10148,LMS-47,Course Card UI,To Do,02/Apr/26 10:24 AM
Course Card UI,LMS-47,10148,Task,To Do,LMS,LMS,software,Ankush Kumar,712020:eebd227b-da3f-437c-8ebc-68f5ce698650,,Medium,,,,Ankush Kumar,712020:eebd227b-da3f-437c-8ebc-68f5ce698650,Ankush Kumar,712020:eebd227b-da3f-437c-8ebc-68f5ce698650,02/Apr/26 10:24 AM,02/Apr/26 2:26 PM,,,,0,Task under Course Listing,,Ankush Kumar,712020:eebd227b-da3f-437c-8ebc-68f5ce698650,,,,,,,,,,,,0|i000cv:,LMS Sprint 1,,,,,10146,LMS-46,Course Listing,To Do,02/Apr/26 10:24 AM
Course Listing,LMS-46,10146,Epic,To Do,LMS,LMS,software,Ankush Kumar,712020:eebd227b-da3f-437c-8ebc-68f5ce698650,,Medium,,,,Ankush Kumar,712020:eebd227b-da3f-437c-8ebc-68f5ce698650,Ankush Kumar,712020:eebd227b-da3f-437c-8ebc-68f5ce698650,02/Apr/26 10:24 AM,02/Apr/26 10:24 AM,,,,0,Display courses,,Ankush Kumar,712020:eebd227b-da3f-437c-8ebc-68f5ce698650,,,,,,,,,,,,0|i000cn:,,,,,,,,,To Do,02/Apr/26 10:24 AM
Save changes,LMS-45,10145,Subtask,To Do,LMS,LMS,software,Ankush Kumar,712020:eebd227b-da3f-437c-8ebc-68f5ce698650,,Medium,,,,Ankush Kumar,712020:eebd227b-da3f-437c-8ebc-68f5ce698650,Ankush Kumar,712020:eebd227b-da3f-437c-8ebc-68f5ce698650,02/Apr/26 10:24 AM,02/Apr/26 10:24 AM,,,,0,Subtask under Profile Management,,Ankush Kumar,712020:eebd227b-da3f-437c-8ebc-68f5ce698650,,,,,,,,,,,,0|i000cf:,LMS Sprint 1,,,,,10137,LMS-41,Profile Management,To Do,02/Apr/26 10:24 AM
OTP for mobile update,LMS-44,10143,Subtask,To Do,LMS,LMS,software,Ankush Kumar,712020:eebd227b-da3f-437c-8ebc-68f5ce698650,,Medium,,,,Ankush Kumar,712020:eebd227b-da3f-437c-8ebc-68f5ce698650,Ankush Kumar,712020:eebd227b-da3f-437c-8ebc-68f5ce698650,02/Apr/26 10:24 AM,02/Apr/26 10:24 AM,,,,0,Subtask under Profile Management,,Ankush Kumar,712020:eebd227b-da3f-437c-8ebc-68f5ce698650,,,,,,,,,,,,0|i000c7:,LMS Sprint 1,,,,,10137,LMS-41,Profile Management,To Do,02/Apr/26 10:24 AM
Validate updates,LMS-43,10141,Subtask,To Do,LMS,LMS,software,Ankush Kumar,712020:eebd227b-da3f-437c-8ebc-68f5ce698650,,Medium,,,,Ankush Kumar,712020:eebd227b-da3f-437c-8ebc-68f5ce698650,Ankush Kumar,712020:eebd227b-da3f-437c-8ebc-68f5ce698650,02/Apr/26 10:24 AM,02/Apr/26 10:24 AM,,,,0,Subtask under Profile Management,,Ankush Kumar,712020:eebd227b-da3f-437c-8ebc-68f5ce698650,,,,,,,,,,,,0|i000bz:,LMS Sprint 1,,,,,10137,LMS-41,Profile Management,To Do,02/Apr/26 10:24 AM
Edit profile,LMS-42,10139,Subtask,To Do,LMS,LMS,software,Ankush Kumar,712020:eebd227b-da3f-437c-8ebc-68f5ce698650,,Medium,,,,Ankush Kumar,712020:eebd227b-da3f-437c-8ebc-68f5ce698650,Ankush Kumar,712020:eebd227b-da3f-437c-8ebc-68f5ce698650,02/Apr/26 10:23 AM,02/Apr/26 10:23 AM,,,,0,Subtask under Profile Management,,Ankush Kumar,712020:eebd227b-da3f-437c-8ebc-68f5ce698650,,,,,,,,,,,,0|i000br:,LMS Sprint 1,,,,,10137,LMS-41,Profile Management,To Do,02/Apr/26 10:23 AM
Profile Management,LMS-41,10137,Task,To Do,LMS,LMS,software,Ankush Kumar,712020:eebd227b-da3f-437c-8ebc-68f5ce698650,,Medium,,,,Ankush Kumar,712020:eebd227b-da3f-437c-8ebc-68f5ce698650,Ankush Kumar,712020:eebd227b-da3f-437c-8ebc-68f5ce698650,02/Apr/26 10:23 AM,02/Apr/26 2:26 PM,,,,0,Task under Dashboard & Profile,,Ankush Kumar,712020:eebd227b-da3f-437c-8ebc-68f5ce698650,,,,,,,,,,,,0|i000bj:,LMS Sprint 1,,,,,10125,LMS-35,Dashboard & Profile,To Do,02/Apr/26 10:23 AM
Handle session expiry,LMS-40,10135,Subtask,To Do,LMS,LMS,software,Ankush Kumar,712020:eebd227b-da3f-437c-8ebc-68f5ce698650,,Medium,,,,Ankush Kumar,712020:eebd227b-da3f-437c-8ebc-68f5ce698650,Ankush Kumar,712020:eebd227b-da3f-437c-8ebc-68f5ce698650,02/Apr/26 10:23 AM,02/Apr/26 10:23 AM,,,,0,Subtask under Dashboard Setup,,Ankush Kumar,712020:eebd227b-da3f-437c-8ebc-68f5ce698650,,,,,,,,,,,,0|i000bb:,LMS Sprint 1,,,,,10127,LMS-36,Dashboard Setup,To Do,02/Apr/26 10:23 AM
Redirect after login,LMS-39,10133,Subtask,To Do,LMS,LMS,software,Ankush Kumar,712020:eebd227b-da3f-437c-8ebc-68f5ce698650,,Medium,,,,Ankush Kumar,712020:eebd227b-da3f-437c-8ebc-68f5ce698650,Ankush Kumar,712020:eebd227b-da3f-437c-8ebc-68f5ce698650,02/Apr/26 10:23 AM,02/Apr/26 10:23 AM,,,,0,Subtask under Dashboard Setup,,Ankush Kumar,712020:eebd227b-da3f-437c-8ebc-68f5ce698650,,,,,,,,,,,,0|i000b3:,LMS Sprint 1,,,,,10127,LMS-36,Dashboard Setup,To Do,02/Apr/26 10:23 AM
Handle session,LMS-38,10131,Subtask,To Do,LMS,LMS,software,Ankush Kumar,712020:eebd227b-da3f-437c-8ebc-68f5ce698650,,Medium,,,,Ankush Kumar,712020:eebd227b-da3f-437c-8ebc-68f5ce698650,Ankush Kumar,712020:eebd227b-da3f-437c-8ebc-68f5ce698650,02/Apr/26 10:23 AM,02/Apr/26 10:23 AM,,,,0,Subtask under Dashboard Setup,,Ankush Kumar,712020:eebd227b-da3f-437c-8ebc-68f5ce698650,,,,,,,,,,,,0|i000av:,LMS Sprint 1,,,,,10127,LMS-36,Dashboard Setup,To Do,02/Apr/26 10:23 AM
Create dashboard layout,LMS-37,10129,Subtask,To Do,LMS,LMS,software,Ankush Kumar,712020:eebd227b-da3f-437c-8ebc-68f5ce698650,,Medium,,,,Ankush Kumar,712020:eebd227b-da3f-437c-8ebc-68f5ce698650,Ankush Kumar,712020:eebd227b-da3f-437c-8ebc-68f5ce698650,02/Apr/26 10:23 AM,02/Apr/26 10:23 AM,,,,0,Subtask under Dashboard Setup,,Ankush Kumar,712020:eebd227b-da3f-437c-8ebc-68f5ce698650,,,,,,,,,,,,0|i000an:,LMS Sprint 1,,,,,10127,LMS-36,Dashboard Setup,To Do,02/Apr/26 10:23 AM
Dashboard Setup,LMS-36,10127,Task,Review,LMS,LMS,software,Ankush Kumar,712020:eebd227b-da3f-437c-8ebc-68f5ce698650,,Medium,,,,Ankush Kumar,712020:eebd227b-da3f-437c-8ebc-68f5ce698650,Ankush Kumar,712020:eebd227b-da3f-437c-8ebc-68f5ce698650,02/Apr/26 10:23 AM,02/Apr/26 2:27 PM,,,,0,Task under Dashboard & Profile,,Ankush Kumar,712020:eebd227b-da3f-437c-8ebc-68f5ce698650,,,,,,,,,,,,0|i000af:,LMS Sprint 1,,,,,10125,LMS-35,Dashboard & Profile,In Progress,02/Apr/26 2:27 PM
Dashboard & Profile,LMS-35,10125,Epic,To Do,LMS,LMS,software,Ankush Kumar,712020:eebd227b-da3f-437c-8ebc-68f5ce698650,,Medium,,,,Ankush Kumar,712020:eebd227b-da3f-437c-8ebc-68f5ce698650,Ankush Kumar,712020:eebd227b-da3f-437c-8ebc-68f5ce698650,02/Apr/26 10:23 AM,02/Apr/26 10:23 AM,,,,0,User dashboard and profile management,,Ankush Kumar,712020:eebd227b-da3f-437c-8ebc-68f5ce698650,,,,,,,,,,,,0|i000a7:,,,,,,,,,To Do,02/Apr/26 10:23 AM
Handle login errors,LMS-34,10124,Subtask,To Do,LMS,LMS,software,Ankush Kumar,712020:eebd227b-da3f-437c-8ebc-68f5ce698650,,Medium,,,,Ankush Kumar,712020:eebd227b-da3f-437c-8ebc-68f5ce698650,Ankush Kumar,712020:eebd227b-da3f-437c-8ebc-68f5ce698650,02/Apr/26 10:23 AM,02/Apr/26 10:23 AM,,,,0,Subtask under Authentication Backend,,Ankush Kumar,712020:eebd227b-da3f-437c-8ebc-68f5ce698650,,,,,,,,,,,,0|i0009z:,LMS Sprint 1,,,,,10116,LMS-30,Authentication Backend,To Do,02/Apr/26 10:23 AM
Generate JWT/session,LMS-33,10122,Subtask,To Do,LMS,LMS,software,Ankush Kumar,712020:eebd227b-da3f-437c-8ebc-68f5ce698650,,Medium,,,,Ankush Kumar,712020:eebd227b-da3f-437c-8ebc-68f5ce698650,Ankush Kumar,712020:eebd227b-da3f-437c-8ebc-68f5ce698650,02/Apr/26 10:23 AM,02/Apr/26 10:23 AM,,,,0,Subtask under Authentication Backend,,Ankush Kumar,712020:eebd227b-da3f-437c-8ebc-68f5ce698650,,,,,,,,,,,,0|i0009r:,LMS Sprint 1,,,,,10116,LMS-30,Authentication Backend,To Do,02/Apr/26 10:23 AM
Validate credentials,LMS-32,10120,Subtask,To Do,LMS,LMS,software,Ankush Kumar,712020:eebd227b-da3f-437c-8ebc-68f5ce698650,,Medium,,,,Ankush Kumar,712020:eebd227b-da3f-437c-8ebc-68f5ce698650,Ankush Kumar,712020:eebd227b-da3f-437c-8ebc-68f5ce698650,02/Apr/26 10:23 AM,02/Apr/26 10:23 AM,,,,0,Subtask under Authentication Backend,,Ankush Kumar,712020:eebd227b-da3f-437c-8ebc-68f5ce698650,,,,,,,,,,,,0|i0009j:,LMS Sprint 1,,,,,10116,LMS-30,Authentication Backend,To Do,02/Apr/26 10:23 AM
Implement login API,LMS-31,10118,Subtask,To Do,LMS,LMS,software,Ankush Kumar,712020:eebd227b-da3f-437c-8ebc-68f5ce698650,,Medium,,,,Ankush Kumar,712020:eebd227b-da3f-437c-8ebc-68f5ce698650,Ankush Kumar,712020:eebd227b-da3f-437c-8ebc-68f5ce698650,02/Apr/26 10:23 AM,02/Apr/26 10:23 AM,,,,0,Subtask under Authentication Backend,,Ankush Kumar,712020:eebd227b-da3f-437c-8ebc-68f5ce698650,,,,,,,,,,,,0|i0009b:,LMS Sprint 1,,,,,10116,LMS-30,Authentication Backend,To Do,02/Apr/26 10:23 AM
Authentication Backend,LMS-30,10116,Task,To Do,LMS,LMS,software,Ankush Kumar,712020:eebd227b-da3f-437c-8ebc-68f5ce698650,,Medium,,,,Ankush Kumar,712020:eebd227b-da3f-437c-8ebc-68f5ce698650,Ankush Kumar,712020:eebd227b-da3f-437c-8ebc-68f5ce698650,02/Apr/26 10:23 AM,02/Apr/26 2:26 PM,,,,0,Task under User Login,,Ankush Kumar,712020:eebd227b-da3f-437c-8ebc-68f5ce698650,,,,,,,,,,,,0|i00093:,LMS Sprint 1,,,,,10104,LMS-24,User Login,To Do,02/Apr/26 10:23 AM
Add Forgot Password link,LMS-29,10114,Subtask,To Do,LMS,LMS,software,Ankush Kumar,712020:eebd227b-da3f-437c-8ebc-68f5ce698650,,Medium,,,,Ankush Kumar,712020:eebd227b-da3f-437c-8ebc-68f5ce698650,Ankush Kumar,712020:eebd227b-da3f-437c-8ebc-68f5ce698650,02/Apr/26 10:23 AM,02/Apr/26 10:23 AM,,,,0,Subtask under Build Login UI,,Ankush Kumar,712020:eebd227b-da3f-437c-8ebc-68f5ce698650,,,,,,,,,,,,0|i0008v:,LMS Sprint 1,,,,,10106,LMS-25,Build Login UI,To Do,02/Apr/26 10:23 AM
Create Login button,LMS-28,10112,Subtask,To Do,LMS,LMS,software,Ankush Kumar,712020:eebd227b-da3f-437c-8ebc-68f5ce698650,,Medium,,,,Ankush Kumar,712020:eebd227b-da3f-437c-8ebc-68f5ce698650,Ankush Kumar,712020:eebd227b-da3f-437c-8ebc-68f5ce698650,02/Apr/26 10:23 AM,02/Apr/26 10:23 AM,,,,0,Subtask under Build Login UI,,Ankush Kumar,712020:eebd227b-da3f-437c-8ebc-68f5ce698650,,,,,,,,,,,,0|i0008n:,LMS Sprint 1,,,,,10106,LMS-25,Build Login UI,To Do,02/Apr/26 10:23 AM
Create Password field,LMS-27,10110,Subtask,To Do,LMS,LMS,software,Ankush Kumar,712020:eebd227b-da3f-437c-8ebc-68f5ce698650,,Medium,,,,Ankush Kumar,712020:eebd227b-da3f-437c-8ebc-68f5ce698650,Ankush Kumar,712020:eebd227b-da3f-437c-8ebc-68f5ce698650,02/Apr/26 10:23 AM,02/Apr/26 10:23 AM,,,,0,Subtask under Build Login UI,,Ankush Kumar,712020:eebd227b-da3f-437c-8ebc-68f5ce698650,,,,,,,,,,,,0|i0008f:,LMS Sprint 1,,,,,10106,LMS-25,Build Login UI,To Do,02/Apr/26 10:23 AM
Create Email/Mobile field,LMS-26,10108,Subtask,To Do,LMS,LMS,software,Ankush Kumar,712020:eebd227b-da3f-437c-8ebc-68f5ce698650,,Medium,,,,Ankush Kumar,712020:eebd227b-da3f-437c-8ebc-68f5ce698650,Ankush Kumar,712020:eebd227b-da3f-437c-8ebc-68f5ce698650,02/Apr/26 10:23 AM,02/Apr/26 10:23 AM,,,,0,Subtask under Build Login UI,,Ankush Kumar,712020:eebd227b-da3f-437c-8ebc-68f5ce698650,,,,,,,,,,,,0|i00087:,LMS Sprint 1,,,,,10106,LMS-25,Build Login UI,To Do,02/Apr/26 10:23 AM
Build Login UI,LMS-25,10106,Task,Done,LMS,LMS,software,Ankush Kumar,712020:eebd227b-da3f-437c-8ebc-68f5ce698650,,Medium,Done,,,Ankush Kumar,712020:eebd227b-da3f-437c-8ebc-68f5ce698650,Ankush Kumar,712020:eebd227b-da3f-437c-8ebc-68f5ce698650,02/Apr/26 10:23 AM,02/Apr/26 2:27 PM,02/Apr/26 10:44 AM,02/Apr/26 2:27 PM,,0,Task under User Login,,Ankush Kumar,712020:eebd227b-da3f-437c-8ebc-68f5ce698650,,,,,,,,,,,,0|i0007z:,LMS Sprint 1,,,,,10104,LMS-24,User Login,Done,02/Apr/26 2:27 PM
User Login,LMS-24,10104,Epic,To Do,LMS,LMS,software,Ankush Kumar,712020:eebd227b-da3f-437c-8ebc-68f5ce698650,,Medium,,,,Ankush Kumar,712020:eebd227b-da3f-437c-8ebc-68f5ce698650,Ankush Kumar,712020:eebd227b-da3f-437c-8ebc-68f5ce698650,02/Apr/26 10:23 AM,02/Apr/26 10:23 AM,,,,0,Handles authentication,,Ankush Kumar,712020:eebd227b-da3f-437c-8ebc-68f5ce698650,,,,,,,,,,,,0|i0007r:,,,,,,,,,To Do,02/Apr/26 10:23 AM
Handle invalid OTP,LMS-23,10103,Subtask,To Do,LMS,LMS,software,Ankush Kumar,712020:eebd227b-da3f-437c-8ebc-68f5ce698650,,Medium,,,,Ankush Kumar,712020:eebd227b-da3f-437c-8ebc-68f5ce698650,Ankush Kumar,712020:eebd227b-da3f-437c-8ebc-68f5ce698650,02/Apr/26 10:23 AM,02/Apr/26 10:23 AM,,,,0,Subtask under OTP Verification System,,Ankush Kumar,712020:eebd227b-da3f-437c-8ebc-68f5ce698650,,,,,,,,,,,,0|i0007j:,LMS Sprint 1,,,,,10093,LMS-18,OTP Verification System,To Do,02/Apr/26 10:23 AM
Validate OTP,LMS-22,10101,Subtask,To Do,LMS,LMS,software,Ankush Kumar,712020:eebd227b-da3f-437c-8ebc-68f5ce698650,,Medium,,,,Ankush Kumar,712020:eebd227b-da3f-437c-8ebc-68f5ce698650,Ankush Kumar,712020:eebd227b-da3f-437c-8ebc-68f5ce698650,02/Apr/26 10:23 AM,02/Apr/26 10:23 AM,,,,0,Subtask under OTP Verification System,,Ankush Kumar,712020:eebd227b-da3f-437c-8ebc-68f5ce698650,,,,,,,,,,,,0|i0007b:,LMS Sprint 1,,,,,10093,LMS-18,OTP Verification System,To Do,02/Apr/26 10:23 AM
Implement OTP expiry,LMS-21,10099,Subtask,To Do,LMS,LMS,software,Ankush Kumar,712020:eebd227b-da3f-437c-8ebc-68f5ce698650,,Medium,,,,Ankush Kumar,712020:eebd227b-da3f-437c-8ebc-68f5ce698650,Ankush Kumar,712020:eebd227b-da3f-437c-8ebc-68f5ce698650,02/Apr/26 10:23 AM,02/Apr/26 10:23 AM,,,,0,Subtask under OTP Verification System,,Ankush Kumar,712020:eebd227b-da3f-437c-8ebc-68f5ce698650,,,,,,,,,,,,0|i00073:,LMS Sprint 1,,,,,10093,LMS-18,OTP Verification System,To Do,02/Apr/26 10:23 AM
Send OTP via SMS,LMS-20,10097,Subtask,To Do,LMS,LMS,software,Ankush Kumar,712020:eebd227b-da3f-437c-8ebc-68f5ce698650,,Medium,,,,Ankush Kumar,712020:eebd227b-da3f-437c-8ebc-68f5ce698650,Ankush Kumar,712020:eebd227b-da3f-437c-8ebc-68f5ce698650,02/Apr/26 10:23 AM,02/Apr/26 10:23 AM,,,,0,Subtask under OTP Verification System,,Ankush Kumar,712020:eebd227b-da3f-437c-8ebc-68f5ce698650,,,,,,,,,,,,0|i0006v:,LMS Sprint 1,,,,,10093,LMS-18,OTP Verification System,To Do,02/Apr/26 10:23 AM
Generate OTP,LMS-19,10095,Subtask,To Do,LMS,LMS,software,Ankush Kumar,712020:eebd227b-da3f-437c-8ebc-68f5ce698650,,Medium,,,,Ankush Kumar,712020:eebd227b-da3f-437c-8ebc-68f5ce698650,Ankush Kumar,712020:eebd227b-da3f-437c-8ebc-68f5ce698650,02/Apr/26 10:23 AM,02/Apr/26 10:23 AM,,,,0,Subtask under OTP Verification System,,Ankush Kumar,712020:eebd227b-da3f-437c-8ebc-68f5ce698650,,,,,,,,,,,,0|i0006n:,LMS Sprint 1,,,,,10093,LMS-18,OTP Verification System,To Do,02/Apr/26 10:23 AM
OTP Verification System,LMS-18,10093,Task,In Progress,LMS,LMS,software,Ankush Kumar,712020:eebd227b-da3f-437c-8ebc-68f5ce698650,,Medium,,,,Ankush Kumar,712020:eebd227b-da3f-437c-8ebc-68f5ce698650,Ankush Kumar,712020:eebd227b-da3f-437c-8ebc-68f5ce698650,02/Apr/26 10:23 AM,02/Apr/26 2:27 PM,,,,0,Task under User Registration,,Ankush Kumar,712020:eebd227b-da3f-437c-8ebc-68f5ce698650,,,,,,,,,,,,0|i0003h:,LMS Sprint 1,,,,,10063,LMS-3,User Registration,In Progress,02/Apr/26 2:27 PM
Show inline errors,LMS-17,10091,Subtask,To Do,LMS,LMS,software,Ankush Kumar,712020:eebd227b-da3f-437c-8ebc-68f5ce698650,,Medium,,,,Ankush Kumar,712020:eebd227b-da3f-437c-8ebc-68f5ce698650,Ankush Kumar,712020:eebd227b-da3f-437c-8ebc-68f5ce698650,02/Apr/26 10:23 AM,02/Apr/26 10:23 AM,,,,0,Subtask under Field Validations,,Ankush Kumar,712020:eebd227b-da3f-437c-8ebc-68f5ce698650,,,,,,,,,,,,0|i00067:,LMS Sprint 1,,,,,10079,LMS-11,Field Validations,To Do,02/Apr/26 10:23 AM
Validate Confirm Password,LMS-16,10089,Subtask,To Do,LMS,LMS,software,Ankush Kumar,712020:eebd227b-da3f-437c-8ebc-68f5ce698650,,Medium,,,,Ankush Kumar,712020:eebd227b-da3f-437c-8ebc-68f5ce698650,Ankush Kumar,712020:eebd227b-da3f-437c-8ebc-68f5ce698650,02/Apr/26 10:23 AM,02/Apr/26 10:23 AM,,,,0,Subtask under Field Validations,,Ankush Kumar,712020:eebd227b-da3f-437c-8ebc-68f5ce698650,,,,,,,,,,,,0|i0005z:,LMS Sprint 1,,,,,10079,LMS-11,Field Validations,To Do,02/Apr/26 10:23 AM
Validate Password rules,LMS-15,10087,Subtask,To Do,LMS,LMS,software,Ankush Kumar,712020:eebd227b-da3f-437c-8ebc-68f5ce698650,,Medium,,,,Ankush Kumar,712020:eebd227b-da3f-437c-8ebc-68f5ce698650,Ankush Kumar,712020:eebd227b-da3f-437c-8ebc-68f5ce698650,02/Apr/26 10:23 AM,02/Apr/26 10:23 AM,,,,0,Subtask under Field Validations,,Ankush Kumar,712020:eebd227b-da3f-437c-8ebc-68f5ce698650,,,,,,,,,,,,0|i0005r:,LMS Sprint 1,,,,,10079,LMS-11,Field Validations,To Do,02/Apr/26 10:23 AM
Validate Mobile Number,LMS-14,10085,Subtask,To Do,LMS,LMS,software,Ankush Kumar,712020:eebd227b-da3f-437c-8ebc-68f5ce698650,,Medium,,,,Ankush Kumar,712020:eebd227b-da3f-437c-8ebc-68f5ce698650,Ankush Kumar,712020:eebd227b-da3f-437c-8ebc-68f5ce698650,02/Apr/26 10:23 AM,02/Apr/26 10:23 AM,,,,0,Subtask under Field Validations,,Ankush Kumar,712020:eebd227b-da3f-437c-8ebc-68f5ce698650,,,,,,,,,,,,0|i0005j:,LMS Sprint 1,,,,,10079,LMS-11,Field Validations,To Do,02/Apr/26 10:23 AM
Validate Email format,LMS-13,10083,Subtask,To Do,LMS,LMS,software,Ankush Kumar,712020:eebd227b-da3f-437c-8ebc-68f5ce698650,,Medium,,,,Ankush Kumar,712020:eebd227b-da3f-437c-8ebc-68f5ce698650,Ankush Kumar,712020:eebd227b-da3f-437c-8ebc-68f5ce698650,02/Apr/26 10:23 AM,02/Apr/26 10:23 AM,,,,0,Subtask under Field Validations,,Ankush Kumar,712020:eebd227b-da3f-437c-8ebc-68f5ce698650,,,,,,,,,,,,0|i0005b:,LMS Sprint 1,,,,,10079,LMS-11,Field Validations,To Do,02/Apr/26 10:23 AM
Validate Full Name,LMS-12,10081,Subtask,To Do,LMS,LMS,software,Ankush Kumar,712020:eebd227b-da3f-437c-8ebc-68f5ce698650,,Medium,,,,Ankush Kumar,712020:eebd227b-da3f-437c-8ebc-68f5ce698650,Ankush Kumar,712020:eebd227b-da3f-437c-8ebc-68f5ce698650,02/Apr/26 10:23 AM,02/Apr/26 10:23 AM,,,,0,Subtask under Field Validations,,Ankush Kumar,712020:eebd227b-da3f-437c-8ebc-68f5ce698650,,,,,,,,,,,,0|i00053:,LMS Sprint 1,,,,,10079,LMS-11,Field Validations,To Do,02/Apr/26 10:23 AM
Field Validations,LMS-11,10079,Task,In Progress,LMS,LMS,software,Ankush Kumar,712020:eebd227b-da3f-437c-8ebc-68f5ce698650,,Medium,,,,Ankush Kumar,712020:eebd227b-da3f-437c-8ebc-68f5ce698650,Ankush Kumar,712020:eebd227b-da3f-437c-8ebc-68f5ce698650,02/Apr/26 10:23 AM,02/Apr/26 2:27 PM,,,,0,Task under User Registration,,Ankush Kumar,712020:eebd227b-da3f-437c-8ebc-68f5ce698650,,,,,,,,,,,,0|i0003f:,LMS Sprint 1,,,,,10063,LMS-3,User Registration,In Progress,02/Apr/26 2:27 PM
Create Sign Up button,LMS-10,10077,Subtask,To Do,LMS,LMS,software,Ankush Kumar,712020:eebd227b-da3f-437c-8ebc-68f5ce698650,,Medium,,,,Ankush Kumar,712020:eebd227b-da3f-437c-8ebc-68f5ce698650,Ankush Kumar,712020:eebd227b-da3f-437c-8ebc-68f5ce698650,02/Apr/26 10:23 AM,02/Apr/26 10:23 AM,,,,0,Subtask under Build Registration UI,,Ankush Kumar,712020:eebd227b-da3f-437c-8ebc-68f5ce698650,,,,,,,,,,,,0|i0004n:,LMS Sprint 1,,,,,10065,LMS-4,Build Registration UI,To Do,02/Apr/26 10:23 AM
Create Terms & Conditions checkbox,LMS-9,10075,Subtask,To Do,LMS,LMS,software,Ankush Kumar,712020:eebd227b-da3f-437c-8ebc-68f5ce698650,,Medium,,,,Ankush Kumar,712020:eebd227b-da3f-437c-8ebc-68f5ce698650,Ankush Kumar,712020:eebd227b-da3f-437c-8ebc-68f5ce698650,02/Apr/26 10:23 AM,02/Apr/26 10:23 AM,,,,0,Subtask under Build Registration UI,,Ankush Kumar,712020:eebd227b-da3f-437c-8ebc-68f5ce698650,,,,,,,,,,,,0|i0004f:,LMS Sprint 1,,,,,10065,LMS-4,Build Registration UI,To Do,02/Apr/26 10:23 AM
Create Password & Confirm Password fields,LMS-8,10073,Subtask,To Do,LMS,LMS,software,Ankush Kumar,712020:eebd227b-da3f-437c-8ebc-68f5ce698650,,Medium,,,,Ankush Kumar,712020:eebd227b-da3f-437c-8ebc-68f5ce698650,Ankush Kumar,712020:eebd227b-da3f-437c-8ebc-68f5ce698650,02/Apr/26 10:23 AM,02/Apr/26 10:23 AM,,,,0,Subtask under Build Registration UI,,Ankush Kumar,712020:eebd227b-da3f-437c-8ebc-68f5ce698650,,,,,,,,,,,,0|i00047:,LMS Sprint 1,,,,,10065,LMS-4,Build Registration UI,To Do,02/Apr/26 10:23 AM
Create Mobile Number + OTP input section,LMS-7,10071,Subtask,To Do,LMS,LMS,software,Ankush Kumar,712020:eebd227b-da3f-437c-8ebc-68f5ce698650,,Medium,,,,Ankush Kumar,712020:eebd227b-da3f-437c-8ebc-68f5ce698650,Ankush Kumar,712020:eebd227b-da3f-437c-8ebc-68f5ce698650,02/Apr/26 10:23 AM,02/Apr/26 10:23 AM,,,,0,Subtask under Build Registration UI,,Ankush Kumar,712020:eebd227b-da3f-437c-8ebc-68f5ce698650,,,,,,,,,,,,0|i0003z:,LMS Sprint 1,,,,,10065,LMS-4,Build Registration UI,To Do,02/Apr/26 10:23 AM
Create Email input field,LMS-6,10069,Subtask,To Do,LMS,LMS,software,Ankush Kumar,712020:eebd227b-da3f-437c-8ebc-68f5ce698650,,Medium,,,,Ankush Kumar,712020:eebd227b-da3f-437c-8ebc-68f5ce698650,Ankush Kumar,712020:eebd227b-da3f-437c-8ebc-68f5ce698650,02/Apr/26 10:23 AM,02/Apr/26 10:23 AM,,,,0,Subtask under Build Registration UI,,Ankush Kumar,712020:eebd227b-da3f-437c-8ebc-68f5ce698650,,,,,,,,,,,,0|i0003r:,LMS Sprint 1,,,,,10065,LMS-4,Build Registration UI,To Do,02/Apr/26 10:23 AM
Create Full Name input field,LMS-5,10067,Subtask,To Do,LMS,LMS,software,Ankush Kumar,712020:eebd227b-da3f-437c-8ebc-68f5ce698650,,Medium,,,,Ankush Kumar,712020:eebd227b-da3f-437c-8ebc-68f5ce698650,Ankush Kumar,712020:eebd227b-da3f-437c-8ebc-68f5ce698650,02/Apr/26 10:23 AM,02/Apr/26 10:23 AM,,,,0,Subtask under Build Registration UI,,Ankush Kumar,712020:eebd227b-da3f-437c-8ebc-68f5ce698650,,,,,,,,,,,,0|i0003j:,LMS Sprint 1,,,,,10065,LMS-4,Build Registration UI,To Do,02/Apr/26 10:23 AM
Build Registration UI,LMS-4,10065,Task,In Progress,LMS,LMS,software,Ankush Kumar,712020:eebd227b-da3f-437c-8ebc-68f5ce698650,,Medium,,,,Ankush Kumar,712020:eebd227b-da3f-437c-8ebc-68f5ce698650,Ankush Kumar,712020:eebd227b-da3f-437c-8ebc-68f5ce698650,02/Apr/26 10:23 AM,02/Apr/26 2:27 PM,02/Apr/26 10:28 AM,,,0,Task under User Registration,,Ankush Kumar,712020:eebd227b-da3f-437c-8ebc-68f5ce698650,,,,,,,,,,,,0|i0003b:,LMS Sprint 1,,,,,10063,LMS-3,User Registration,In Progress,02/Apr/26 2:27 PM
User Registration,LMS-3,10063,Epic,To Do,LMS,LMS,software,Ankush Kumar,712020:eebd227b-da3f-437c-8ebc-68f5ce698650,,Medium,,,,Ankush Kumar,712020:eebd227b-da3f-437c-8ebc-68f5ce698650,Ankush Kumar,712020:eebd227b-da3f-437c-8ebc-68f5ce698650,02/Apr/26 10:23 AM,02/Apr/26 10:23 AM,,,,0,Handles full user signup flow,,Ankush Kumar,712020:eebd227b-da3f-437c-8ebc-68f5ce698650,,,,,,,,,,,,0|i00033:,,,,,,,,,To Do,02/Apr/26 10:23 AM
User Registration,LMS-1,10060,Epic,To Do,LMS,LMS,software,Ankush Kumar,712020:eebd227b-da3f-437c-8ebc-68f5ce698650,,Medium,,,,Ankush Kumar,712020:eebd227b-da3f-437c-8ebc-68f5ce698650,Ankush Kumar,712020:eebd227b-da3f-437c-8ebc-68f5ce698650,02/Apr/26 10:21 AM,02/Apr/26 10:21 AM,,,,0,Handles full user signup flow,,Ankush Kumar,712020:eebd227b-da3f-437c-8ebc-68f5ce698650,,,,,,,,,,,,0|i0002n:,,,,,,,,,To Do,02/Apr/26 10:21 AM
